date,societe,ticker,exercice,type,note
2021-04-12,BANK OF AFRICA BF,BOABF,2020,paiement,
2021-04-13,BANK OF AFRICA BENIN,BOAB,2020,paiement,
2021-04-13,BANK OF AFRICA NG,,2020,paiement,non couvert par data/daily
2021-04-22,ECOBANK CI,ECOC,2020,paiement,doublon avec 2021-04-29
2021-04-26,BANK OF AFRICA CI,BOAC,2020,paiement,doublon avec 2021-04-29
2021-04-27,BANK OF AFRICA SN,BOAS,2020,paiement,doublon avec 2021-04-29
2021-04-29,BANK OF AFRICA SN,BOAS,2020,paiement,doublon avec 2021-04-27
2021-04-29,ECOBANK CI,ECOC,2020,paiement,doublon avec 2021-04-22
2021-04-29,BANK OF AFRICA CI,BOAC,2020,paiement,doublon avec 2021-04-26
2021-04-30,SONATEL,SNTS,2020,paiement,
2021-05-17,ONATEL BF,ONTBF,2020,paiement,
2021-05-28,SOCIETE GENERALE CI,SGBC,2020,paiement,
2021-06-08,CORIS BANK INTERNATIONAL BF,CBIBF,2020,paiement,
2021-06-15,SITAB CI,STBC,2020,paiement,
2021-06-16,SITAB CI,STBC,2020,rectificatif,rectificatif de paiement
2021-06-21,SETAO CI,STAC,2020,paiement,
2021-06-22,BICI CI,BICC,2020,paiement,
2021-06-22,SOGB CI,SOGC,2020,paiement,
2021-06-28,FILTISAC CI,FTSC,2020,paiement,
2021-06-29,CIE CI,CIEC,2020,paiement,
2021-07-01,CFAO MOTORS CI,CFAC,2020,paiement,
2021-07-01,SMB CI,SMBC,2020,paiement,
2021-07-02,UNIWAX CI,UNXC,2020,paiement,
2021-07-06,SIB CI,SIBC,2020,paiement,
2021-07-07,SODECI,SDCC,2020,paiement,
2021-07-07,NESTLE CI,NTLC,2020,paiement,
2021-07-09,TOTAL SN,TTLS,2020,paiement,
2021-07-16,SOLIBRA CI,SLBC,2020,paiement,
2021-07-16,SICABLE CI,CABC,2020,paiement,
2021-07-26,BOLLORE TRANSPORT & LOGISTICS CI,SDSC,2020,paiement,
2021-08-05,SUCRIVOIRE CI,,2020,paiement,non couvert par data/daily
2021-08-09,SAPH CI,SPHC,2020,paiement,
2021-08-11,PALM CI,PALC,2020,paiement,
2021-08-16,TOTAL CI,TTLC,2020,paiement,
2021-08-18,TRACTAFRIC MOTORS CI,,2020,paiement,ticker non identifie avec certitude
2021-12-14,CROWN SIEM CI,SEMC,2020,paiement,
2022-04-06,BOA CI,BOAC,2021,paiement,
2022-04-06,BOA NIGER,,2021,paiement,non couvert par data/daily
2022-04-12,BOA BF,BOABF,2021,paiement,
2022-04-12,ECOBANK CI,ECOC,2021,paiement,
2022-04-20,BANK OF AFRICA SENEGAL,BOAS,2021,paiement,
2022-04-27,BOA BENIN,BOAB,2021,paiement,
2022-04-29,SONATEL SENEGAL,SNTS,2021,paiement,
2022-05-23,SOCIETE GENERALE CI,SGBC,2021,paiement,
2022-05-27,ONATEL BF,ONTBF,2021,paiement,
2022-06-07,BOLLORE TRANSPORT & LOGISTICS CI,SDSC,2021,paiement,exercice non precise sur l'avis
2022-06-13,Ecobank Transnational Incorporated TG,ETIT,2021,paiement,
2022-06-13,SOCIETE IVOIRIENNE DE BANQUE,SIBC,2021,paiement,
2022-06-17,SETAO CI,STAC,2021,paiement,
2022-06-22,CORIS BANK INTERNATIONAL BF,CBIBF,2021,paiement,
2022-06-27,BICICI,BICC,2021,paiement,
2022-07-01,CIE CI,CIEC,2021,paiement,
2022-07-06,SITAB CI,STBC,2021,paiement,
2022-07-06,TOTAL SN,TTLS,2021,paiement,
2022-07-06,SOGB CI,SOGC,2021,paiement,
2022-07-15,UNIWAX CI,UNXC,2021,paiement,
2022-07-15,TRACTAFRIC MOTORS CI,,2021,paiement,ticker non identifie avec certitude
2022-07-18,PALM CI,PALC,2021,paiement,
2022-07-19,CFAO MOTORS CI,CFAC,2021,paiement,
2022-07-19,SAPH CI,SPHC,2021,paiement,
2022-07-19,NESTLE CI,NTLC,2021,paiement,
2022-07-19,SICABLE CI,CABC,2021,paiement,
2022-07-28,SOLIBRA CI,SLBC,2021,paiement,
2022-08-03,TOTAL CI,TTLC,2021,paiement,
2022-08-05,SERVAIR ABIDJAN COTE D'IVOIRE,SIVC,2021,paiement,
2022-08-09,SMB CI,SMBC,2021,paiement,
2022-10-07,SODECI,SDCC,2021,paiement,
2022-10-14,VIVO ENERGY CI,SHEC,2021,paiement,
2023-02-14,ORANGE CI,ORAC,2022,annonce,projet d'affectation du resultat
2023-04-11,BOA SENEGAL,BOAS,2022,paiement,
2023-04-11,BOA NIGER,,2022,paiement,non couvert par data/daily
2023-04-11,BOA BURKINA FASO,BOABF,2022,paiement,
2023-04-11,BOA CI,BOAC,2022,paiement,
2023-04-19,SONATEL SN,SNTS,2022,paiement,
2023-04-20,BOA BENIN,BOAB,2022,paiement,
2023-05-05,SOCIETE GENERALE CI,SGBC,2022,paiement,
2023-05-12,ECOBANK CI,ECOC,2022,paiement,
2023-05-24,ETI TG,ETIT,2022,paiement,doublon avec 2023-06-05
2023-05-31,ORANGE CI,ORAC,2022,paiement,
2023-06-05,Ecobank Transnational Incorporated TG,ETIT,2022,paiement,doublon avec 2023-05-24
2023-06-12,ONATEL BF,ONTBF,2022,paiement,
2023-06-12,CORIS BANK INTERNATIONAL BF,CBIBF,2022,paiement,
2023-06-21,TOTAL SENEGAL,TTLS,2022,paiement,
2023-06-22,NSIA BANQUE CI,BNBC,2022,paiement,
2023-06-22,PALM CI,PALC,2022,paiement,
2023-07-03,SOGB CI,SOGC,2022,paiement,
2023-07-06,CIE CI,CIEC,2022,paiement,
2023-07-10,BERNABE CI,PRSC,2022,paiement,
2023-07-13,SITAB CI,STBC,2022,paiement,
2023-07-14,BICI CI,BICC,2022,paiement,
2023-07-17,NESTLE CI,NTLC,2022,paiement,
2023-07-17,SERVAIR ABIDJAN CI,SIVC,2022,paiement,
2023-07-19,SICABLE CI,CABC,2022,paiement,
2023-07-20,SMB CI,SMBC,2022,paiement,
2023-07-20,SIB CI,SIBC,2022,paiement,
2023-08-21,SODECI,SDCC,2022,paiement,
2023-08-23,CFAO MOTORS CI,CFAC,2022,paiement,
2023-08-23,TRACTAFRIC MOTORS CI,,2022,paiement,ticker non identifie avec certitude
2023-08-28,NEI-CEDA CI,NEIC,2022,paiement,
2023-09-05,TOTAL CI,TTLC,2022,paiement,
2023-09-12,SAPH CI,SPHC,2022,paiement,
2023-10-30,AFRICA GLOBAL LOGISTICS CI,SDSC,2022,paiement,ex BOLLORE TRANSPORT & LOGISTICS CI
2023-12-11,VIVO ENERGY CI,SHEC,2022,paiement,
2024-04-04,BOA CI,BOAC,2023,paiement,
2024-04-04,BOA BF,BOABF,2023,paiement,
2024-04-05,BOA NIGER,,2023,paiement,non couvert par data/daily
2024-04-22,BOA BENIN,BOAB,2023,paiement,
2024-04-26,SONATEL SN,SNTS,2023,paiement,
2024-04-29,BOA MALI,BOAM,2023,paiement,
2024-05-10,ECOBANK CI,ECOC,2023,paiement,
2024-05-14,SICABLE CI,CABC,2023,paiement,
2024-05-14,ORANGE CI,ORAC,2023,paiement,
2024-06-04,SOCIETE GENERALE CI,SGBC,2023,paiement,
